{
    "ticker": "ARTMS",
    "epochs": [
        {
            "epoch": 377,
            "expected": 0.000585015,
            "actual": 0,
            "pool_stake": 682445241,
            "total_stake": 25197315592272395,
            "decentralisation_coefficient": 0,
            "slot_coefficient": 0.05,
            "cumulative_expected_blocks": 0.000585015,
            "cumulative_actual_blocks": 0,
            "epoch_diff": -0.000585015,
            "epoch_cumulative_diff": -0.000585015
        },
        {
            "epoch": 378,
            "expected": 0.00058689,
            "actual": 0,
            "pool_stake": 682445241,
            "total_stake": 25116738054461618,
            "decentralisation_coefficient": 0,
            "slot_coefficient": 0.05,
            "cumulative_expected_blocks": 0.001171905,
            "cumulative_actual_blocks": 0,
            "epoch_diff": -0.00058689,
            "epoch_cumulative_diff": -0.001171905
        },
        {
            "epoch": 379,
            "expected": 0.0005882473543731007,
            "actual": 0,
            "pool_stake": 682445241,
            "total_stake": 25058875481572529,
            "decentralisation_coefficient": 0,
            "slot_coefficient": 0.05,
            "cumulative_expected_blocks": 0.0017601523543731008,
            "cumulative_actual_blocks": 0,
            "epoch_diff": -0.0005882473543731007,
            "epoch_cumulative_diff": -0.0017601523543731008
        }
    ],
    "max_positive_diff": 0,
    "max_negative_diff": 0.0017601523543731008,
    "cumulative_diff": -0.0017601523543731008,
    "cumulative_expected_blocks": 0.0017601523543731008,
    "cumulative_actual_blocks": 0,
    "max_actual_blocks": 0,
    "max_expected_blocks": 0.0005882473543731007,
    "current_lifetime_luck": 0.0,
    "max_epoch_blocks": 0.0005882473543731007,
    "max_cumulative_diff": 0.0017601523543731008,
    "highest_lifetime_luck": 100.0,
    "lowest_lifetime_luck": 0.0
}