{
    "ticker": "BKV",
    "epochs": [
        {
            "epoch": 379,
            "expected": 0.001174131159302669807410870692,
            "actual": 0,
            "pool_stake": 1362148450,
            "total_stake": 25058875481572529,
            "decentralisation_coefficient": 0,
            "slot_coefficient": 0.05,
            "cumulative_expected_blocks": 0.0011741311593026697,
            "cumulative_actual_blocks": 0,
            "epoch_diff": -0.0011741311593026697,
            "epoch_cumulative_diff": -0.0011741311593026697
        }
    ],
    "max_positive_diff": 0,
    "max_negative_diff": 0.0011741311593026697,
    "cumulative_diff": -0.0011741311593026697,
    "cumulative_expected_blocks": 0.0011741311593026697,
    "cumulative_actual_blocks": 0,
    "max_actual_blocks": 0,
    "max_expected_blocks": 0.0011741311593026697,
    "current_lifetime_luck": 0.0,
    "max_epoch_blocks": 0.0011741311593026697,
    "max_cumulative_diff": 0.0011741311593026697,
    "highest_lifetime_luck": 100.0,
    "lowest_lifetime_luck": 0.0
}