{
    "ticker": "CDMS",
    "epochs": [
        {
            "epoch": 379,
            "expected": 0.8823314104221771,
            "actual": 0,
            "pool_stake": 1023621895706,
            "total_stake": 25058875481572529,
            "decentralisation_coefficient": 0,
            "slot_coefficient": 0.05,
            "cumulative_expected_blocks": 0.8823314104221771,
            "cumulative_actual_blocks": 0,
            "epoch_diff": -0.8823314104221771,
            "epoch_cumulative_diff": -0.8823314104221771
        }
    ],
    "max_positive_diff": 0,
    "max_negative_diff": 0.8823314104221771,
    "cumulative_diff": -0.8823314104221771,
    "cumulative_expected_blocks": 0.8823314104221771,
    "cumulative_actual_blocks": 0,
    "max_actual_blocks": 0,
    "max_expected_blocks": 0.8823314104221771,
    "current_lifetime_luck": 0.0,
    "max_epoch_blocks": 0.8823314104221771,
    "max_cumulative_diff": 0.8823314104221771,
    "highest_lifetime_luck": 100.0,
    "lowest_lifetime_luck": 0.0
}