{
    "ticker": "FUTUR",
    "epochs": [
        {
            "epoch": 376,
            "expected": 0.00085469,
            "actual": 0,
            "pool_stake": 1000000000,
            "total_stake": 25272403210023564,
            "decentralisation_coefficient": 0,
            "slot_coefficient": 0.05,
            "cumulative_expected_blocks": 0.00085469,
            "cumulative_actual_blocks": 0,
            "epoch_diff": -0.00085469,
            "epoch_cumulative_diff": -0.00085469
        },
        {
            "epoch": 377,
            "expected": 0.000897535,
            "actual": 0,
            "pool_stake": 1047011399,
            "total_stake": 25197315592272395,
            "decentralisation_coefficient": 0,
            "slot_coefficient": 0.05,
            "cumulative_expected_blocks": 0.001752225,
            "cumulative_actual_blocks": 0,
            "epoch_diff": -0.000897535,
            "epoch_cumulative_diff": -0.001752225
        },
        {
            "epoch": 378,
            "expected": 0.0205732,
            "actual": 0,
            "pool_stake": 23922700102,
            "total_stake": 25116738054461618,
            "decentralisation_coefficient": 0,
            "slot_coefficient": 0.05,
            "cumulative_expected_blocks": 0.022325425,
            "cumulative_actual_blocks": 0,
            "epoch_diff": -0.0205732,
            "epoch_cumulative_diff": -0.022325425
        },
        {
            "epoch": 379,
            "expected": 0.03149007426786898215616962048,
            "actual": 0,
            "pool_stake": 36532678240,
            "total_stake": 25058875481572529,
            "decentralisation_coefficient": 0,
            "slot_coefficient": 0.05,
            "cumulative_expected_blocks": 0.05381549926786898,
            "cumulative_actual_blocks": 0,
            "epoch_diff": -0.031490074267868984,
            "epoch_cumulative_diff": -0.05381549926786898
        }
    ],
    "max_positive_diff": 0,
    "max_negative_diff": 0.05381549926786898,
    "cumulative_diff": -0.05381549926786898,
    "cumulative_expected_blocks": 0.05381549926786898,
    "cumulative_actual_blocks": 0,
    "max_actual_blocks": 0,
    "max_expected_blocks": 0.031490074267868984,
    "current_lifetime_luck": 0.0,
    "max_epoch_blocks": 0.031490074267868984,
    "max_cumulative_diff": 0.05381549926786898,
    "highest_lifetime_luck": 100.0,
    "lowest_lifetime_luck": 0.0
}