{
    "ticker": "MTADA",
    "epochs": [
        {
            "epoch": 379,
            "expected": 0.00043841670530183653,
            "actual": 0,
            "pool_stake": 508621742,
            "total_stake": 25058875481572529,
            "decentralisation_coefficient": 0,
            "slot_coefficient": 0.05,
            "cumulative_expected_blocks": 0.00043841670530183653,
            "cumulative_actual_blocks": 0,
            "epoch_diff": -0.00043841670530183653,
            "epoch_cumulative_diff": -0.00043841670530183653
        }
    ],
    "max_positive_diff": 0,
    "max_negative_diff": 0.00043841670530183653,
    "cumulative_diff": -0.00043841670530183653,
    "cumulative_expected_blocks": 0.00043841670530183653,
    "cumulative_actual_blocks": 0,
    "max_actual_blocks": 0,
    "max_expected_blocks": 0.00043841670530183653,
    "current_lifetime_luck": 0.0,
    "max_epoch_blocks": 0.00043841670530183653,
    "max_cumulative_diff": 0.00043841670530183653,
    "highest_lifetime_luck": 100.0,
    "lowest_lifetime_luck": 0.0
}