{
    "ticker": "PLAID",
    "epochs": [
        {
            "epoch": 378,
            "expected": 2.67534,
            "actual": 2,
            "pool_stake": 3110915781912,
            "total_stake": 25116738054461618,
            "decentralisation_coefficient": 0,
            "slot_coefficient": 0.05,
            "cumulative_expected_blocks": 2.67534,
            "cumulative_actual_blocks": 2,
            "epoch_diff": -0.6753399999999998,
            "epoch_cumulative_diff": -0.6753399999999998
        },
        {
            "epoch": 379,
            "expected": 2.68246,
            "actual": 4,
            "pool_stake": 3112008571532,
            "total_stake": 25058875481572529,
            "decentralisation_coefficient": 0,
            "slot_coefficient": 0.05,
            "cumulative_expected_blocks": 5.357798165152786,
            "cumulative_actual_blocks": 3,
            "epoch_diff": -1.682458165152787,
            "epoch_cumulative_diff": -2.357798165152787
        }
    ],
    "max_positive_diff": 0,
    "max_negative_diff": 2.357798165152787,
    "cumulative_diff": -2.357798165152787,
    "cumulative_expected_blocks": 5.357798165152786,
    "cumulative_actual_blocks": 3,
    "max_actual_blocks": 2,
    "max_expected_blocks": 2.682458165152787,
    "current_lifetime_luck": 55.99315068477295,
    "max_epoch_blocks": 2.682458165152787,
    "max_cumulative_diff": 2.357798165152787,
    "highest_lifetime_luck": 100.0,
    "lowest_lifetime_luck": 55.99315068477294
}