{
    "ticker": "PT001",
    "epochs": [
        {
            "epoch": 376,
            "expected": 8.8937e-05,
            "actual": 0,
            "pool_stake": 104057949,
            "total_stake": 25272403210023564,
            "decentralisation_coefficient": 0,
            "slot_coefficient": 0.05,
            "cumulative_expected_blocks": 8.8937e-05,
            "cumulative_actual_blocks": 0,
            "epoch_diff": -8.8937e-05,
            "epoch_cumulative_diff": -8.8937e-05
        },
        {
            "epoch": 377,
            "expected": 8.924e-05,
            "actual": 0,
            "pool_stake": 104101934,
            "total_stake": 25197315592272395,
            "decentralisation_coefficient": 0,
            "slot_coefficient": 0.05,
            "cumulative_expected_blocks": 0.000178177,
            "cumulative_actual_blocks": 0,
            "epoch_diff": -8.924e-05,
            "epoch_cumulative_diff": -0.000178177
        },
        {
            "epoch": 378,
            "expected": 0.0202668,
            "actual": 0,
            "pool_stake": 23566488172,
            "total_stake": 25116738054461618,
            "decentralisation_coefficient": 0,
            "slot_coefficient": 0.05,
            "cumulative_expected_blocks": 0.020444977000000003,
            "cumulative_actual_blocks": 0,
            "epoch_diff": -0.0202668,
            "epoch_cumulative_diff": -0.020444977000000003
        },
        {
            "epoch": 379,
            "expected": 0.02031360684518858,
            "actual": 0,
            "pool_stake": 23566488172,
            "total_stake": 25058875481572529,
            "decentralisation_coefficient": 0,
            "slot_coefficient": 0.05,
            "cumulative_expected_blocks": 0.04075858384518859,
            "cumulative_actual_blocks": 0,
            "epoch_diff": -0.02031360684518858,
            "epoch_cumulative_diff": -0.04075858384518859
        }
    ],
    "max_positive_diff": 0,
    "max_negative_diff": 0.04075858384518859,
    "cumulative_diff": -0.04075858384518859,
    "cumulative_expected_blocks": 0.04075858384518859,
    "cumulative_actual_blocks": 0,
    "max_actual_blocks": 0,
    "max_expected_blocks": 0.02031360684518858,
    "current_lifetime_luck": 0.0,
    "max_epoch_blocks": 0.02031360684518858,
    "max_cumulative_diff": 0.04075858384518859,
    "highest_lifetime_luck": 100.0,
    "lowest_lifetime_luck": 0.0
}