{
    "ticker": "RUGWA",
    "epochs": [
        {
            "epoch": 377,
            "expected": 0.000426581,
            "actual": 0,
            "pool_stake": 497623370,
            "total_stake": 25197315592272395,
            "decentralisation_coefficient": 0,
            "slot_coefficient": 0.05,
            "cumulative_expected_blocks": 0.000426581,
            "cumulative_actual_blocks": 0,
            "epoch_diff": -0.000426581,
            "epoch_cumulative_diff": -0.000426581
        },
        {
            "epoch": 378,
            "expected": 0.000427948,
            "actual": 0,
            "pool_stake": 497623370,
            "total_stake": 25116738054461618,
            "decentralisation_coefficient": 0,
            "slot_coefficient": 0.05,
            "cumulative_expected_blocks": 0.000854529,
            "cumulative_actual_blocks": 0,
            "epoch_diff": -0.000427948,
            "epoch_cumulative_diff": -0.000854529
        },
        {
            "epoch": 379,
            "expected": 0.0004289364381057009,
            "actual": 0,
            "pool_stake": 497623370,
            "total_stake": 25058875481572529,
            "decentralisation_coefficient": 0,
            "slot_coefficient": 0.05,
            "cumulative_expected_blocks": 0.00128347,
            "cumulative_actual_blocks": 0,
            "epoch_diff": -0.000428936,
            "epoch_cumulative_diff": -0.00128346
        },
        {
            "epoch": 380,
            "expected": 0.000428827,
            "actual": 0,
            "pool_stake": 497623370,
            "total_stake": 25065309972207037,
            "decentralisation_coefficient": 0,
            "slot_coefficient": 0.05,
            "cumulative_expected_blocks": 0.00171230,
            "cumulative_actual_blocks": 0,
            "epoch_diff": -0.000428827,
            "epoch_cumulative_diff": -0.00171229
        }
    ],
    "max_positive_diff": 0,
    "max_negative_diff": 0.00171229,
    "cumulative_diff": -0.00171229,
    "cumulative_expected_blocks": 0.00171230,
    "cumulative_actual_blocks": 0,
    "max_actual_blocks": 0,
    "max_expected_blocks": 0.0004289364381057009,
    "current_lifetime_luck": 0E+8,
    "max_epoch_blocks": 0.0004289364381057009,
    "max_cumulative_diff": 0.00171229,
    "highest_lifetime_luck": 100,
    "lowest_lifetime_luck": 0.000600
}