{
    "ticker": "SEAP",
    "epochs": [
        {
            "epoch": 376,
            "expected": 4.82296e-06,
            "actual": 0,
            "pool_stake": 5642950,
            "total_stake": 25272403210023564,
            "decentralisation_coefficient": 0,
            "slot_coefficient": 0.05,
            "cumulative_expected_blocks": 4.82296e-06,
            "cumulative_actual_blocks": 0,
            "epoch_diff": -4.82296e-06,
            "epoch_cumulative_diff": -4.82296e-06
        },
        {
            "epoch": 377,
            "expected": 4.83732e-06,
            "actual": 0,
            "pool_stake": 5642950,
            "total_stake": 25197315592272395,
            "decentralisation_coefficient": 0,
            "slot_coefficient": 0.05,
            "cumulative_expected_blocks": 9.66028e-06,
            "cumulative_actual_blocks": 0,
            "epoch_diff": -4.83732e-06,
            "epoch_cumulative_diff": -9.66028e-06
        },
        {
            "epoch": 378,
            "expected": 4.85285e-06,
            "actual": 0,
            "pool_stake": 5642950,
            "total_stake": 25116738054461618,
            "decentralisation_coefficient": 0,
            "slot_coefficient": 0.05,
            "cumulative_expected_blocks": 1.451313e-05,
            "cumulative_actual_blocks": 0,
            "epoch_diff": -4.85285e-06,
            "epoch_cumulative_diff": -1.451313e-05
        },
        {
            "epoch": 379,
            "expected": 4.864053859465171e-06,
            "actual": 0,
            "pool_stake": 5642950,
            "total_stake": 25058875481572529,
            "decentralisation_coefficient": 0,
            "slot_coefficient": 0.05,
            "cumulative_expected_blocks": 1.937718385946517e-05,
            "cumulative_actual_blocks": 0,
            "epoch_diff": -4.864053859465171e-06,
            "epoch_cumulative_diff": -1.937718385946517e-05
        }
    ],
    "max_positive_diff": 0,
    "max_negative_diff": 1.937718385946517e-05,
    "cumulative_diff": -1.937718385946517e-05,
    "cumulative_expected_blocks": 1.937718385946517e-05,
    "cumulative_actual_blocks": 0,
    "max_actual_blocks": 0,
    "max_expected_blocks": 4.864053859465171e-06,
    "current_lifetime_luck": 0.0,
    "max_epoch_blocks": 4.864053859465171e-06,
    "max_cumulative_diff": 1.937718385946517e-05,
    "highest_lifetime_luck": 100.0,
    "lowest_lifetime_luck": 0.0
}