{
    "ticker": "WPBJ2",
    "epochs": [
        {
            "epoch": 378,
            "expected": 0.000173399,
            "actual": 0,
            "pool_stake": 201629794,
            "total_stake": 25116738054461618,
            "decentralisation_coefficient": 0,
            "slot_coefficient": 0.05,
            "cumulative_expected_blocks": 0.000173399,
            "cumulative_actual_blocks": 0,
            "epoch_diff": -0.000173399,
            "epoch_cumulative_diff": -0.000173399
        },
        {
            "epoch": 379,
            "expected": 0.00017379884239429152,
            "actual": 0,
            "pool_stake": 201629794,
            "total_stake": 25058875481572529,
            "decentralisation_coefficient": 0,
            "slot_coefficient": 0.05,
            "cumulative_expected_blocks": 0.0003471978423942915,
            "cumulative_actual_blocks": 0,
            "epoch_diff": -0.00017379884239429152,
            "epoch_cumulative_diff": -0.0003471978423942915
        }
    ],
    "max_positive_diff": 0,
    "max_negative_diff": 0.0003471978423942915,
    "cumulative_diff": -0.0003471978423942915,
    "cumulative_expected_blocks": 0.0003471978423942915,
    "cumulative_actual_blocks": 0,
    "max_actual_blocks": 0,
    "max_expected_blocks": 0.00017379884239429152,
    "current_lifetime_luck": 0.0,
    "max_epoch_blocks": 0.00017379884239429152,
    "max_cumulative_diff": 0.0003471978423942915,
    "highest_lifetime_luck": 100.0,
    "lowest_lifetime_luck": 0.0
}